model,forecast_date,indicator,filename,first_commit,latest_commit,source,diff,retrospective,status
KIT-LightGBM,2024-10-17,are,2024-10-17-agi-are-KIT-LightGBM.csv,2024-11-07,2025-04-24,agi,189,TRUE,Retrospective
KIT-TSMixer,2024-10-17,are,2024-10-17-agi-are-KIT-TSMixer.csv,2025-04-28,2025-04-28,agi,193,TRUE,Retrospective
KIT-hhh4,2024-10-17,are,2024-10-17-agi-are-KIT-hhh4.csv,2024-10-17,2025-06-10,agi,236,TRUE,Prospective
KIT-simple_nowcast,2024-10-17,are,2024-10-17-agi-are-KIT-simple_nowcast.csv,2024-10-17,2024-10-17,agi,0,FALSE,Prospective
MPIDS-PS_embedding,2024-10-17,are,2024-10-17-agi-are-MPIDS-PS_embedding.csv,2024-10-18,2025-06-10,agi,236,TRUE,Prospective
KIT-LightGBM,2024-10-24,are,2024-10-24-agi-are-KIT-LightGBM.csv,2024-11-06,2025-04-24,agi,182,TRUE,Retrospective
KIT-TSMixer,2024-10-24,are,2024-10-24-agi-are-KIT-TSMixer.csv,2025-04-28,2025-04-28,agi,186,TRUE,Retrospective
KIT-hhh4,2024-10-24,are,2024-10-24-agi-are-KIT-hhh4.csv,2024-10-24,2025-06-10,agi,229,TRUE,Prospective
KIT-simple_nowcast,2024-10-24,are,2024-10-24-agi-are-KIT-simple_nowcast.csv,2024-10-24,2024-10-24,agi,0,FALSE,Prospective
MPIDS-PS_embedding,2024-10-24,are,2024-10-24-agi-are-MPIDS-PS_embedding.csv,2024-11-05,2025-06-10,agi,229,TRUE,Prospective
KIT-LightGBM,2024-10-31,are,2024-10-31-agi-are-KIT-LightGBM.csv,2024-11-06,2025-04-24,agi,175,TRUE,Retrospective
KIT-TSMixer,2024-10-31,are,2024-10-31-agi-are-KIT-TSMixer.csv,2025-04-28,2025-04-28,agi,179,TRUE,Retrospective
KIT-hhh4,2024-10-31,are,2024-10-31-agi-are-KIT-hhh4.csv,2024-11-01,2025-06-10,agi,222,TRUE,Prospective
KIT-simple_nowcast,2024-10-31,are,2024-10-31-agi-are-KIT-simple_nowcast.csv,2024-11-01,2024-11-01,agi,1,FALSE,Prospective
MPIDS-PS_embedding,2024-10-31,are,2024-10-31-agi-are-MPIDS-PS_embedding.csv,2024-11-04,2025-06-10,agi,222,TRUE,Prospective
KIT-LightGBM,2024-11-07,are,2024-11-07-agi-are-KIT-LightGBM.csv,2024-11-08,2025-04-24,agi,168,TRUE,Retrospective
KIT-TSMixer,2024-11-07,are,2024-11-07-agi-are-KIT-TSMixer.csv,2025-04-28,2025-04-28,agi,172,TRUE,Retrospective
KIT-hhh4,2024-11-07,are,2024-11-07-agi-are-KIT-hhh4.csv,2024-11-07,2025-06-10,agi,215,TRUE,Prospective
KIT-simple_nowcast,2024-11-07,are,2024-11-07-agi-are-KIT-simple_nowcast.csv,2024-11-07,2024-11-07,agi,0,FALSE,Prospective
MPIDS-PS_embedding,2024-11-07,are,2024-11-07-agi-are-MPIDS-PS_embedding.csv,2024-11-07,2025-06-10,agi,215,TRUE,Prospective
KIT-LightGBM,2024-11-14,are,2024-11-14-agi-are-KIT-LightGBM.csv,2024-11-22,2025-04-24,agi,161,TRUE,Retrospective
KIT-TSMixer,2024-11-14,are,2024-11-14-agi-are-KIT-TSMixer.csv,2025-04-28,2025-04-28,agi,165,TRUE,Retrospective
KIT-hhh4,2024-11-14,are,2024-11-14-agi-are-KIT-hhh4.csv,2024-11-15,2025-06-10,agi,208,TRUE,Prospective
KIT-simple_nowcast,2024-11-14,are,2024-11-14-agi-are-KIT-simple_nowcast.csv,2024-11-15,2024-11-15,agi,1,FALSE,Prospective
MPIDS-PS_embedding,2024-11-14,are,2024-11-14-agi-are-MPIDS-PS_embedding.csv,2024-11-14,2025-06-10,agi,208,TRUE,Prospective
KIT-LightGBM,2024-11-21,are,2024-11-21-agi-are-KIT-LightGBM.csv,2024-11-22,2025-04-24,agi,154,TRUE,Retrospective
KIT-TSMixer,2024-11-21,are,2024-11-21-agi-are-KIT-TSMixer.csv,2025-04-28,2025-04-28,agi,158,TRUE,Retrospective
KIT-hhh4,2024-11-21,are,2024-11-21-agi-are-KIT-hhh4.csv,2024-11-21,2025-06-10,agi,201,TRUE,Prospective
KIT-simple_nowcast,2024-11-21,are,2024-11-21-agi-are-KIT-simple_nowcast.csv,2024-11-21,2024-11-21,agi,0,FALSE,Prospective
MPIDS-PS_embedding,2024-11-21,are,2024-11-21-agi-are-MPIDS-PS_embedding.csv,2024-11-21,2025-06-10,agi,201,TRUE,Prospective
KIT-LightGBM,2024-11-28,are,2024-11-28-agi-are-KIT-LightGBM.csv,2025-04-24,2025-04-24,agi,147,TRUE,Retrospective
KIT-TSMixer,2024-11-28,are,2024-11-28-agi-are-KIT-TSMixer.csv,2025-04-28,2025-04-28,agi,151,TRUE,Retrospective
KIT-hhh4,2024-11-28,are,2024-11-28-agi-are-KIT-hhh4.csv,2024-11-29,2025-06-10,agi,194,TRUE,Prospective
KIT-simple_nowcast,2024-11-28,are,2024-11-28-agi-are-KIT-simple_nowcast.csv,2024-11-29,2024-11-29,agi,1,FALSE,Prospective
MPIDS-PS_embedding,2024-11-28,are,2024-11-28-agi-are-MPIDS-PS_embedding.csv,2024-11-28,2025-06-10,agi,194,TRUE,Prospective
KIT-LightGBM,2024-12-05,are,2024-12-05-agi-are-KIT-LightGBM.csv,2025-04-24,2025-04-24,agi,140,TRUE,Retrospective
KIT-TSMixer,2024-12-05,are,2024-12-05-agi-are-KIT-TSMixer.csv,2025-04-28,2025-04-28,agi,144,TRUE,Retrospective
KIT-hhh4,2024-12-05,are,2024-12-05-agi-are-KIT-hhh4.csv,2024-12-05,2025-06-10,agi,187,TRUE,Prospective
KIT-simple_nowcast,2024-12-05,are,2024-12-05-agi-are-KIT-simple_nowcast.csv,2024-12-05,2024-12-05,agi,0,FALSE,Prospective
MPIDS-PS_embedding,2024-12-05,are,2024-12-05-agi-are-MPIDS-PS_embedding.csv,2024-12-05,2025-06-10,agi,187,TRUE,Prospective
KIT-LightGBM,2024-12-12,are,2024-12-12-agi-are-KIT-LightGBM.csv,2025-04-24,2025-04-24,agi,133,TRUE,Retrospective
KIT-TSMixer,2024-12-12,are,2024-12-12-agi-are-KIT-TSMixer.csv,2025-04-28,2025-04-28,agi,137,TRUE,Retrospective
KIT-hhh4,2024-12-12,are,2024-12-12-agi-are-KIT-hhh4.csv,2024-12-13,2025-06-10,agi,180,TRUE,Prospective
KIT-simple_nowcast,2024-12-12,are,2024-12-12-agi-are-KIT-simple_nowcast.csv,2024-12-13,2024-12-13,agi,1,FALSE,Prospective
MPIDS-PS_embedding,2024-12-12,are,2024-12-12-agi-are-MPIDS-PS_embedding.csv,2024-12-12,2025-06-10,agi,180,TRUE,Prospective
KIT-LightGBM,2024-12-19,are,2024-12-19-agi-are-KIT-LightGBM.csv,2025-04-24,2025-04-24,agi,126,TRUE,Retrospective
KIT-TSMixer,2024-12-19,are,2024-12-19-agi-are-KIT-TSMixer.csv,2025-04-28,2025-04-28,agi,130,TRUE,Retrospective
KIT-hhh4,2024-12-19,are,2024-12-19-agi-are-KIT-hhh4.csv,2024-12-20,2025-06-10,agi,173,TRUE,Prospective
KIT-simple_nowcast,2024-12-19,are,2024-12-19-agi-are-KIT-simple_nowcast.csv,2024-12-20,2024-12-20,agi,1,FALSE,Prospective
MPIDS-PS_embedding,2024-12-19,are,2024-12-19-agi-are-MPIDS-PS_embedding.csv,2024-12-20,2025-06-10,agi,173,TRUE,Prospective
KIT-LightGBM,2025-01-09,are,2025-01-09-agi-are-KIT-LightGBM.csv,2025-04-24,2025-04-24,agi,105,TRUE,Retrospective
KIT-TSMixer,2025-01-09,are,2025-01-09-agi-are-KIT-TSMixer.csv,2025-04-28,2025-04-28,agi,109,TRUE,Retrospective
KIT-hhh4,2025-01-09,are,2025-01-09-agi-are-KIT-hhh4.csv,2025-01-10,2025-06-10,agi,152,TRUE,Prospective
KIT-simple_nowcast,2025-01-09,are,2025-01-09-agi-are-KIT-simple_nowcast.csv,2025-01-10,2025-01-10,agi,1,FALSE,Prospective
MPIDS-PS_embedding,2025-01-09,are,2025-01-09-agi-are-MPIDS-PS_embedding.csv,2025-01-09,2025-06-10,agi,152,TRUE,Prospective
KIT-LightGBM,2025-01-16,are,2025-01-16-agi-are-KIT-LightGBM.csv,2025-04-24,2025-04-24,agi,98,TRUE,Retrospective
KIT-TSMixer,2025-01-16,are,2025-01-16-agi-are-KIT-TSMixer.csv,2025-04-28,2025-04-28,agi,102,TRUE,Retrospective
KIT-hhh4,2025-01-16,are,2025-01-16-agi-are-KIT-hhh4.csv,2025-01-17,2025-06-10,agi,145,TRUE,Prospective
KIT-simple_nowcast,2025-01-16,are,2025-01-16-agi-are-KIT-simple_nowcast.csv,2025-01-17,2025-01-17,agi,1,FALSE,Prospective
MPIDS-PS_embedding,2025-01-16,are,2025-01-16-agi-are-MPIDS-PS_embedding.csv,2025-01-19,2025-06-10,agi,145,TRUE,Prospective
KIT-LightGBM,2025-01-23,are,2025-01-23-agi-are-KIT-LightGBM.csv,2025-04-24,2025-04-24,agi,91,TRUE,Retrospective
KIT-TSMixer,2025-01-23,are,2025-01-23-agi-are-KIT-TSMixer.csv,2025-04-28,2025-04-28,agi,95,TRUE,Retrospective
KIT-hhh4,2025-01-23,are,2025-01-23-agi-are-KIT-hhh4.csv,2025-01-24,2025-06-10,agi,138,TRUE,Prospective
KIT-simple_nowcast,2025-01-23,are,2025-01-23-agi-are-KIT-simple_nowcast.csv,2025-01-24,2025-01-24,agi,1,FALSE,Prospective
MPIDS-PS_embedding,2025-01-23,are,2025-01-23-agi-are-MPIDS-PS_embedding.csv,2025-01-23,2025-06-10,agi,138,TRUE,Prospective
KIT-LightGBM,2025-01-30,are,2025-01-30-agi-are-KIT-LightGBM.csv,2025-04-24,2025-04-24,agi,84,TRUE,Retrospective
KIT-TSMixer,2025-01-30,are,2025-01-30-agi-are-KIT-TSMixer.csv,2025-04-28,2025-04-28,agi,88,TRUE,Retrospective
KIT-hhh4,2025-01-30,are,2025-01-30-agi-are-KIT-hhh4.csv,2025-01-31,2025-06-10,agi,131,TRUE,Prospective
KIT-simple_nowcast,2025-01-30,are,2025-01-30-agi-are-KIT-simple_nowcast.csv,2025-01-31,2025-01-31,agi,1,FALSE,Prospective
MPIDS-PS_embedding,2025-01-30,are,2025-01-30-agi-are-MPIDS-PS_embedding.csv,2025-01-30,2025-06-10,agi,131,TRUE,Prospective
KIT-LightGBM,2025-02-06,are,2025-02-06-agi-are-KIT-LightGBM.csv,2025-04-24,2025-04-24,agi,77,TRUE,Retrospective
KIT-TSMixer,2025-02-06,are,2025-02-06-agi-are-KIT-TSMixer.csv,2025-04-28,2025-04-28,agi,81,TRUE,Retrospective
KIT-hhh4,2025-02-06,are,2025-02-06-agi-are-KIT-hhh4.csv,2025-02-07,2025-06-10,agi,124,TRUE,Prospective
KIT-simple_nowcast,2025-02-06,are,2025-02-06-agi-are-KIT-simple_nowcast.csv,2025-02-07,2025-02-07,agi,1,FALSE,Prospective
MPIDS-PS_embedding,2025-02-06,are,2025-02-06-agi-are-MPIDS-PS_embedding.csv,2025-02-06,2025-06-10,agi,124,TRUE,Prospective
KIT-LightGBM,2025-02-13,are,2025-02-13-agi-are-KIT-LightGBM.csv,2025-04-24,2025-04-24,agi,70,TRUE,Retrospective
KIT-TSMixer,2025-02-13,are,2025-02-13-agi-are-KIT-TSMixer.csv,2025-04-28,2025-04-28,agi,74,TRUE,Retrospective
KIT-hhh4,2025-02-13,are,2025-02-13-agi-are-KIT-hhh4.csv,2025-02-14,2025-06-10,agi,117,TRUE,Prospective
KIT-simple_nowcast,2025-02-13,are,2025-02-13-agi-are-KIT-simple_nowcast.csv,2025-02-14,2025-02-14,agi,1,FALSE,Prospective
MPIDS-PS_embedding,2025-02-13,are,2025-02-13-agi-are-MPIDS-PS_embedding.csv,2025-02-13,2025-06-10,agi,117,TRUE,Prospective
KIT-LightGBM,2025-02-20,are,2025-02-20-agi-are-KIT-LightGBM.csv,2025-04-24,2025-04-24,agi,63,TRUE,Retrospective
KIT-TSMixer,2025-02-20,are,2025-02-20-agi-are-KIT-TSMixer.csv,2025-04-28,2025-04-28,agi,67,TRUE,Retrospective
KIT-hhh4,2025-02-20,are,2025-02-20-agi-are-KIT-hhh4.csv,2025-02-21,2025-06-10,agi,110,TRUE,Prospective
KIT-simple_nowcast,2025-02-20,are,2025-02-20-agi-are-KIT-simple_nowcast.csv,2025-02-21,2025-02-21,agi,1,FALSE,Prospective
MPIDS-PS_embedding,2025-02-20,are,2025-02-20-agi-are-MPIDS-PS_embedding.csv,2025-02-20,2025-06-10,agi,110,TRUE,Prospective
KIT-LightGBM,2025-02-27,are,2025-02-27-agi-are-KIT-LightGBM.csv,2025-04-24,2025-04-24,agi,56,TRUE,Retrospective
KIT-TSMixer,2025-02-27,are,2025-02-27-agi-are-KIT-TSMixer.csv,2025-04-28,2025-04-28,agi,60,TRUE,Retrospective
KIT-hhh4,2025-02-27,are,2025-02-27-agi-are-KIT-hhh4.csv,2025-02-28,2025-06-10,agi,103,TRUE,Prospective
KIT-simple_nowcast,2025-02-27,are,2025-02-27-agi-are-KIT-simple_nowcast.csv,2025-02-28,2025-02-28,agi,1,FALSE,Prospective
MPIDS-PS_embedding,2025-02-27,are,2025-02-27-agi-are-MPIDS-PS_embedding.csv,2025-02-27,2025-06-10,agi,103,TRUE,Prospective
KIT-LightGBM,2025-03-06,are,2025-03-06-agi-are-KIT-LightGBM.csv,2025-04-24,2025-04-24,agi,49,TRUE,Retrospective
KIT-TSMixer,2025-03-06,are,2025-03-06-agi-are-KIT-TSMixer.csv,2025-04-28,2025-04-28,agi,53,TRUE,Retrospective
KIT-hhh4,2025-03-06,are,2025-03-06-agi-are-KIT-hhh4.csv,2025-03-06,2025-06-10,agi,96,TRUE,Prospective
KIT-simple_nowcast,2025-03-06,are,2025-03-06-agi-are-KIT-simple_nowcast.csv,2025-03-06,2025-03-06,agi,0,FALSE,Prospective
MPIDS-PS_embedding,2025-03-06,are,2025-03-06-agi-are-MPIDS-PS_embedding.csv,2025-03-06,2025-06-10,agi,96,TRUE,Prospective
KIT-LightGBM,2025-03-13,are,2025-03-13-agi-are-KIT-LightGBM.csv,2025-04-24,2025-04-24,agi,42,TRUE,Retrospective
KIT-TSMixer,2025-03-13,are,2025-03-13-agi-are-KIT-TSMixer.csv,2025-04-28,2025-04-28,agi,46,TRUE,Retrospective
KIT-hhh4,2025-03-13,are,2025-03-13-agi-are-KIT-hhh4.csv,2025-03-14,2025-06-10,agi,89,TRUE,Prospective
KIT-simple_nowcast,2025-03-13,are,2025-03-13-agi-are-KIT-simple_nowcast.csv,2025-03-14,2025-03-14,agi,1,FALSE,Prospective
MPIDS-PS_embedding,2025-03-13,are,2025-03-13-agi-are-MPIDS-PS_embedding.csv,2025-03-22,2025-06-10,agi,89,TRUE,Prospective
KIT-LightGBM,2025-03-20,are,2025-03-20-agi-are-KIT-LightGBM.csv,2025-04-24,2025-04-24,agi,35,TRUE,Retrospective
KIT-TSMixer,2025-03-20,are,2025-03-20-agi-are-KIT-TSMixer.csv,2025-04-28,2025-04-28,agi,39,TRUE,Retrospective
KIT-hhh4,2025-03-20,are,2025-03-20-agi-are-KIT-hhh4.csv,2025-03-20,2025-06-10,agi,82,TRUE,Prospective
KIT-simple_nowcast,2025-03-20,are,2025-03-20-agi-are-KIT-simple_nowcast.csv,2025-03-20,2025-03-20,agi,0,FALSE,Prospective
MPIDS-PS_embedding,2025-03-20,are,2025-03-20-agi-are-MPIDS-PS_embedding.csv,2025-03-20,2025-06-10,agi,82,TRUE,Prospective
KIT-LightGBM,2025-03-27,are,2025-03-27-agi-are-KIT-LightGBM.csv,2025-04-24,2025-04-24,agi,28,TRUE,Retrospective
KIT-TSMixer,2025-03-27,are,2025-03-27-agi-are-KIT-TSMixer.csv,2025-04-28,2025-04-28,agi,32,TRUE,Retrospective
KIT-hhh4,2025-03-27,are,2025-03-27-agi-are-KIT-hhh4.csv,2025-03-28,2025-06-10,agi,75,TRUE,Prospective
KIT-simple_nowcast,2025-03-27,are,2025-03-27-agi-are-KIT-simple_nowcast.csv,2025-03-28,2025-03-28,agi,1,FALSE,Prospective
MPIDS-PS_embedding,2025-03-27,are,2025-03-27-agi-are-MPIDS-PS_embedding.csv,2025-03-27,2025-06-10,agi,75,TRUE,Prospective
KIT-LightGBM,2024-10-17,sari,2024-10-17-icosari-sari-KIT-LightGBM.csv,2024-10-17,2024-10-17,icosari,0,FALSE,Prospective
KIT-TSMixer,2024-10-17,sari,2024-10-17-icosari-sari-KIT-TSMixer.csv,2024-10-17,2024-10-17,icosari,0,FALSE,Prospective
KIT-hhh4,2024-10-17,sari,2024-10-17-icosari-sari-KIT-hhh4.csv,2024-10-17,2024-10-17,icosari,0,FALSE,Prospective
KIT-simple_nowcast,2024-10-17,sari,2024-10-17-icosari-sari-KIT-simple_nowcast.csv,2024-10-17,2024-10-17,icosari,0,FALSE,Prospective
MPIDS-PS_embedding,2024-10-17,sari,2024-10-17-icosari-sari-MPIDS-PS_embedding.csv,2024-10-18,2024-10-18,icosari,1,FALSE,Prospective
KIT-epinowcast,2024-10-17,sari,2024-10-17-icosari-sari-KIT-epinowcast.csv,2025-05-21,2025-05-21,icosari,216,TRUE,Retrospective
RIVM-GAM,2024-10-17,sari,2024-10-17-icosari-sari-RIVM-GAM.csv,2024-10-18,2024-10-18,icosari,1,FALSE,Prospective
RKI-Pilot_01,2024-10-17,sari,2024-10-17-icosari-sari-RKI-Pilot_01.csv,2025-06-04,2025-06-04,icosari,230,TRUE,Retrospective
KIT-LightGBM,2024-10-24,sari,2024-10-24-icosari-sari-KIT-LightGBM.csv,2024-10-25,2024-10-25,icosari,1,FALSE,Prospective
KIT-TSMixer,2024-10-24,sari,2024-10-24-icosari-sari-KIT-TSMixer.csv,2024-10-25,2024-10-25,icosari,1,FALSE,Prospective
KIT-hhh4,2024-10-24,sari,2024-10-24-icosari-sari-KIT-hhh4.csv,2024-10-24,2024-10-24,icosari,0,FALSE,Prospective
KIT-simple_nowcast,2024-10-24,sari,2024-10-24-icosari-sari-KIT-simple_nowcast.csv,2024-10-24,2024-10-24,icosari,0,FALSE,Prospective
MPIDS-PS_embedding,2024-10-24,sari,2024-10-24-icosari-sari-MPIDS-PS_embedding.csv,2024-11-05,2024-11-05,icosari,12,TRUE,Retrospective
KIT-epinowcast,2024-10-24,sari,2024-10-24-icosari-sari-KIT-epinowcast.csv,2024-10-24,2024-10-24,icosari,0,FALSE,Prospective
RIVM-GAM,2024-10-24,sari,2024-10-24-icosari-sari-RIVM-GAM.csv,2024-10-25,2024-10-25,icosari,1,FALSE,Prospective
RKI-Pilot_01,2024-10-24,sari,2024-10-24-icosari-sari-RKI-Pilot_01.csv,2025-06-04,2025-06-04,icosari,223,TRUE,Retrospective
KIT-LightGBM,2024-10-31,sari,2024-10-31-icosari-sari-KIT-LightGBM.csv,2024-11-01,2024-11-01,icosari,1,FALSE,Prospective
KIT-TSMixer,2024-10-31,sari,2024-10-31-icosari-sari-KIT-TSMixer.csv,2024-11-01,2024-11-01,icosari,1,FALSE,Prospective
KIT-hhh4,2024-10-31,sari,2024-10-31-icosari-sari-KIT-hhh4.csv,2024-11-01,2024-11-01,icosari,1,FALSE,Prospective
KIT-simple_nowcast,2024-10-31,sari,2024-10-31-icosari-sari-KIT-simple_nowcast.csv,2024-11-01,2024-11-01,icosari,1,FALSE,Prospective
MPIDS-PS_embedding,2024-10-31,sari,2024-10-31-icosari-sari-MPIDS-PS_embedding.csv,2024-11-04,2024-11-05,icosari,5,FALSE,Prospective
KIT-epinowcast,2024-10-31,sari,2024-10-31-icosari-sari-KIT-epinowcast.csv,2024-11-01,2024-11-01,icosari,1,FALSE,Prospective
RIVM-GAM,2024-10-31,sari,2024-10-31-icosari-sari-RIVM-GAM.csv,2024-11-01,2024-11-01,icosari,1,FALSE,Prospective
RKI-Pilot_01,2024-10-31,sari,2024-10-31-icosari-sari-RKI-Pilot_01.csv,2025-06-04,2025-06-04,icosari,216,TRUE,Retrospective
KIT-LightGBM,2024-11-07,sari,2024-11-07-icosari-sari-KIT-LightGBM.csv,2024-11-08,2024-11-08,icosari,1,FALSE,Prospective
KIT-TSMixer,2024-11-07,sari,2024-11-07-icosari-sari-KIT-TSMixer.csv,2024-11-08,2024-11-08,icosari,1,FALSE,Prospective
KIT-hhh4,2024-11-07,sari,2024-11-07-icosari-sari-KIT-hhh4.csv,2024-11-07,2024-11-07,icosari,0,FALSE,Prospective
KIT-simple_nowcast,2024-11-07,sari,2024-11-07-icosari-sari-KIT-simple_nowcast.csv,2024-11-07,2024-11-07,icosari,0,FALSE,Prospective
MPIDS-PS_embedding,2024-11-07,sari,2024-11-07-icosari-sari-MPIDS-PS_embedding.csv,2024-11-07,2024-11-07,icosari,0,FALSE,Prospective
KIT-epinowcast,2024-11-07,sari,2024-11-07-icosari-sari-KIT-epinowcast.csv,2024-11-07,2024-11-07,icosari,0,FALSE,Prospective
RIVM-GAM,2024-11-07,sari,2024-11-07-icosari-sari-RIVM-GAM.csv,2024-11-08,2024-11-08,icosari,1,FALSE,Prospective
RKI-Pilot_01,2024-11-07,sari,2024-11-07-icosari-sari-RKI-Pilot_01.csv,2025-06-04,2025-06-04,icosari,209,TRUE,Retrospective
KIT-LightGBM,2024-11-14,sari,2024-11-14-icosari-sari-KIT-LightGBM.csv,2024-11-15,2024-11-15,icosari,1,FALSE,Prospective
KIT-TSMixer,2024-11-14,sari,2024-11-14-icosari-sari-KIT-TSMixer.csv,2024-11-15,2024-11-15,icosari,1,FALSE,Prospective
KIT-hhh4,2024-11-14,sari,2024-11-14-icosari-sari-KIT-hhh4.csv,2024-11-15,2024-11-15,icosari,1,FALSE,Prospective
KIT-simple_nowcast,2024-11-14,sari,2024-11-14-icosari-sari-KIT-simple_nowcast.csv,2024-11-15,2024-11-15,icosari,1,FALSE,Prospective
MPIDS-PS_embedding,2024-11-14,sari,2024-11-14-icosari-sari-MPIDS-PS_embedding.csv,2024-11-14,2024-11-14,icosari,0,FALSE,Prospective
KIT-epinowcast,2024-11-14,sari,2024-11-14-icosari-sari-KIT-epinowcast.csv,2024-11-15,2024-11-15,icosari,1,FALSE,Prospective
RIVM-GAM,2024-11-14,sari,2024-11-14-icosari-sari-RIVM-GAM.csv,2024-11-15,2024-11-15,icosari,1,FALSE,Prospective
RKI-Pilot_01,2024-11-14,sari,2024-11-14-icosari-sari-RKI-Pilot_01.csv,2025-06-04,2025-06-04,icosari,202,TRUE,Retrospective
KIT-LightGBM,2024-11-21,sari,2024-11-21-icosari-sari-KIT-LightGBM.csv,2024-11-22,2024-11-22,icosari,1,FALSE,Prospective
KIT-TSMixer,2024-11-21,sari,2024-11-21-icosari-sari-KIT-TSMixer.csv,2024-11-22,2024-11-22,icosari,1,FALSE,Prospective
KIT-hhh4,2024-11-21,sari,2024-11-21-icosari-sari-KIT-hhh4.csv,2024-11-21,2024-11-21,icosari,0,FALSE,Prospective
KIT-simple_nowcast,2024-11-21,sari,2024-11-21-icosari-sari-KIT-simple_nowcast.csv,2024-11-21,2024-11-21,icosari,0,FALSE,Prospective
MPIDS-PS_embedding,2024-11-21,sari,2024-11-21-icosari-sari-MPIDS-PS_embedding.csv,2024-11-21,2024-11-21,icosari,0,FALSE,Prospective
KIT-epinowcast,2024-11-21,sari,2024-11-21-icosari-sari-KIT-epinowcast.csv,2024-11-22,2024-11-22,icosari,1,FALSE,Prospective
RIVM-GAM,2024-11-21,sari,2024-11-21-icosari-sari-RIVM-GAM.csv,2024-11-23,2024-11-23,icosari,2,FALSE,Prospective
RKI-Pilot_01,2024-11-21,sari,2024-11-21-icosari-sari-RKI-Pilot_01.csv,2025-06-04,2025-06-04,icosari,195,TRUE,Retrospective
KIT-LightGBM,2024-11-28,sari,2024-11-28-icosari-sari-KIT-LightGBM.csv,2024-11-29,2024-11-29,icosari,1,FALSE,Prospective
KIT-TSMixer,2024-11-28,sari,2024-11-28-icosari-sari-KIT-TSMixer.csv,2024-12-02,2024-12-02,icosari,4,FALSE,Prospective
KIT-hhh4,2024-11-28,sari,2024-11-28-icosari-sari-KIT-hhh4.csv,2024-11-29,2024-11-29,icosari,1,FALSE,Prospective
KIT-simple_nowcast,2024-11-28,sari,2024-11-28-icosari-sari-KIT-simple_nowcast.csv,2024-11-29,2024-11-29,icosari,1,FALSE,Prospective
MPIDS-PS_embedding,2024-11-28,sari,2024-11-28-icosari-sari-MPIDS-PS_embedding.csv,2024-11-28,2024-11-28,icosari,0,FALSE,Prospective
KIT-epinowcast,2024-11-28,sari,2024-11-28-icosari-sari-KIT-epinowcast.csv,2024-11-29,2024-11-29,icosari,1,FALSE,Prospective
RIVM-GAM,2024-11-28,sari,2024-11-28-icosari-sari-RIVM-GAM.csv,2024-11-29,2024-11-29,icosari,1,FALSE,Prospective
RKI-Pilot_01,2024-11-28,sari,2024-11-28-icosari-sari-RKI-Pilot_01.csv,2025-06-04,2025-06-04,icosari,188,TRUE,Retrospective
KIT-LightGBM,2024-12-05,sari,2024-12-05-icosari-sari-KIT-LightGBM.csv,2024-12-06,2024-12-06,icosari,1,FALSE,Prospective
KIT-TSMixer,2024-12-05,sari,2024-12-05-icosari-sari-KIT-TSMixer.csv,2024-12-06,2024-12-06,icosari,1,FALSE,Prospective
KIT-hhh4,2024-12-05,sari,2024-12-05-icosari-sari-KIT-hhh4.csv,2024-12-05,2024-12-05,icosari,0,FALSE,Prospective
KIT-simple_nowcast,2024-12-05,sari,2024-12-05-icosari-sari-KIT-simple_nowcast.csv,2024-12-05,2024-12-05,icosari,0,FALSE,Prospective
MPIDS-PS_embedding,2024-12-05,sari,2024-12-05-icosari-sari-MPIDS-PS_embedding.csv,2024-12-05,2024-12-05,icosari,0,FALSE,Prospective
KIT-epinowcast,2024-12-05,sari,2024-12-05-icosari-sari-KIT-epinowcast.csv,2024-12-05,2024-12-05,icosari,0,FALSE,Prospective
RIVM-GAM,2024-12-05,sari,2024-12-05-icosari-sari-RIVM-GAM.csv,2024-12-06,2024-12-06,icosari,1,FALSE,Prospective
RKI-Pilot_01,2024-12-05,sari,2024-12-05-icosari-sari-RKI-Pilot_01.csv,2025-06-04,2025-06-04,icosari,181,TRUE,Retrospective
KIT-LightGBM,2024-12-12,sari,2024-12-12-icosari-sari-KIT-LightGBM.csv,2024-12-13,2024-12-13,icosari,1,FALSE,Prospective
KIT-TSMixer,2024-12-12,sari,2024-12-12-icosari-sari-KIT-TSMixer.csv,2024-12-13,2024-12-13,icosari,1,FALSE,Prospective
KIT-hhh4,2024-12-12,sari,2024-12-12-icosari-sari-KIT-hhh4.csv,2024-12-13,2024-12-13,icosari,1,FALSE,Prospective
KIT-simple_nowcast,2024-12-12,sari,2024-12-12-icosari-sari-KIT-simple_nowcast.csv,2024-12-13,2024-12-13,icosari,1,FALSE,Prospective
MPIDS-PS_embedding,2024-12-12,sari,2024-12-12-icosari-sari-MPIDS-PS_embedding.csv,2024-12-12,2024-12-12,icosari,0,FALSE,Prospective
KIT-epinowcast,2024-12-12,sari,2024-12-12-icosari-sari-KIT-epinowcast.csv,2024-12-13,2024-12-13,icosari,1,FALSE,Prospective
RIVM-GAM,2024-12-12,sari,2024-12-12-icosari-sari-RIVM-GAM.csv,2024-12-13,2024-12-13,icosari,1,FALSE,Prospective
RKI-Pilot_01,2024-12-12,sari,2024-12-12-icosari-sari-RKI-Pilot_01.csv,2025-06-04,2025-06-04,icosari,174,TRUE,Retrospective
KIT-LightGBM,2024-12-19,sari,2024-12-19-icosari-sari-KIT-LightGBM.csv,2025-01-13,2025-01-13,icosari,25,TRUE,Retrospective
KIT-TSMixer,2024-12-19,sari,2024-12-19-icosari-sari-KIT-TSMixer.csv,2025-01-13,2025-01-13,icosari,25,TRUE,Retrospective
KIT-hhh4,2024-12-19,sari,2024-12-19-icosari-sari-KIT-hhh4.csv,2024-12-20,2024-12-20,icosari,1,FALSE,Prospective
KIT-simple_nowcast,2024-12-19,sari,2024-12-19-icosari-sari-KIT-simple_nowcast.csv,2024-12-20,2024-12-20,icosari,1,FALSE,Prospective
MPIDS-PS_embedding,2024-12-19,sari,2024-12-19-icosari-sari-MPIDS-PS_embedding.csv,2024-12-20,2024-12-20,icosari,1,FALSE,Prospective
KIT-epinowcast,2024-12-19,sari,2024-12-19-icosari-sari-KIT-epinowcast.csv,2024-12-20,2024-12-20,icosari,1,FALSE,Prospective
RIVM-GAM,2024-12-19,sari,2024-12-19-icosari-sari-RIVM-GAM.csv,2024-12-20,2024-12-20,icosari,1,FALSE,Prospective
RKI-Pilot_01,2024-12-19,sari,2024-12-19-icosari-sari-RKI-Pilot_01.csv,2025-06-04,2025-06-04,icosari,167,TRUE,Retrospective
KIT-LightGBM,2025-01-09,sari,2025-01-09-icosari-sari-KIT-LightGBM.csv,2025-01-13,2025-01-13,icosari,4,FALSE,Prospective
KIT-TSMixer,2025-01-09,sari,2025-01-09-icosari-sari-KIT-TSMixer.csv,2025-01-13,2025-01-13,icosari,4,FALSE,Prospective
KIT-hhh4,2025-01-09,sari,2025-01-09-icosari-sari-KIT-hhh4.csv,2025-01-10,2025-01-10,icosari,1,FALSE,Prospective
KIT-simple_nowcast,2025-01-09,sari,2025-01-09-icosari-sari-KIT-simple_nowcast.csv,2025-01-10,2025-01-10,icosari,1,FALSE,Prospective
MPIDS-PS_embedding,2025-01-09,sari,2025-01-09-icosari-sari-MPIDS-PS_embedding.csv,2025-03-27,2025-03-27,icosari,77,TRUE,Retrospective
KIT-epinowcast,2025-01-09,sari,2025-01-09-icosari-sari-KIT-epinowcast.csv,2025-01-10,2025-01-10,icosari,1,FALSE,Prospective
RIVM-GAM,2025-01-09,sari,2025-01-09-icosari-sari-RIVM-GAM.csv,2025-01-10,2025-01-10,icosari,1,FALSE,Prospective
RKI-Pilot_01,2025-01-09,sari,2025-01-09-icosari-sari-RKI-Pilot_01.csv,2025-06-04,2025-06-04,icosari,146,TRUE,Retrospective
KIT-LightGBM,2025-01-16,sari,2025-01-16-icosari-sari-KIT-LightGBM.csv,2025-01-21,2025-01-21,icosari,5,FALSE,Prospective
KIT-TSMixer,2025-01-16,sari,2025-01-16-icosari-sari-KIT-TSMixer.csv,2025-01-21,2025-01-21,icosari,5,FALSE,Prospective
KIT-hhh4,2025-01-16,sari,2025-01-16-icosari-sari-KIT-hhh4.csv,2025-01-17,2025-01-17,icosari,1,FALSE,Prospective
KIT-simple_nowcast,2025-01-16,sari,2025-01-16-icosari-sari-KIT-simple_nowcast.csv,2025-01-17,2025-01-17,icosari,1,FALSE,Prospective
MPIDS-PS_embedding,2025-01-16,sari,2025-01-16-icosari-sari-MPIDS-PS_embedding.csv,2025-01-19,2025-01-19,icosari,3,FALSE,Prospective
KIT-epinowcast,2025-01-16,sari,2025-01-16-icosari-sari-KIT-epinowcast.csv,2025-01-17,2025-01-17,icosari,1,FALSE,Prospective
RIVM-GAM,2025-01-16,sari,2025-01-16-icosari-sari-RIVM-GAM.csv,2025-01-17,2025-01-17,icosari,1,FALSE,Prospective
RKI-Pilot_01,2025-01-16,sari,2025-01-16-icosari-sari-RKI-Pilot_01.csv,2025-06-04,2025-06-04,icosari,139,TRUE,Retrospective
KIT-LightGBM,2025-01-23,sari,2025-01-23-icosari-sari-KIT-LightGBM.csv,2025-01-30,2025-01-30,icosari,7,FALSE,Prospective
KIT-TSMixer,2025-01-23,sari,2025-01-23-icosari-sari-KIT-TSMixer.csv,2025-01-30,2025-01-30,icosari,7,FALSE,Prospective
KIT-hhh4,2025-01-23,sari,2025-01-23-icosari-sari-KIT-hhh4.csv,2025-01-24,2025-01-24,icosari,1,FALSE,Prospective
KIT-simple_nowcast,2025-01-23,sari,2025-01-23-icosari-sari-KIT-simple_nowcast.csv,2025-01-24,2025-01-24,icosari,1,FALSE,Prospective
MPIDS-PS_embedding,2025-01-23,sari,2025-01-23-icosari-sari-MPIDS-PS_embedding.csv,2025-01-23,2025-01-23,icosari,0,FALSE,Prospective
KIT-epinowcast,2025-01-23,sari,2025-01-23-icosari-sari-KIT-epinowcast.csv,2025-01-24,2025-01-24,icosari,1,FALSE,Prospective
RIVM-GAM,2025-01-23,sari,2025-01-23-icosari-sari-RIVM-GAM.csv,2025-01-24,2025-01-24,icosari,1,FALSE,Prospective
RKI-Pilot_01,2025-01-23,sari,2025-01-23-icosari-sari-RKI-Pilot_01.csv,2025-06-04,2025-06-04,icosari,132,TRUE,Retrospective
KIT-LightGBM,2025-01-30,sari,2025-01-30-icosari-sari-KIT-LightGBM.csv,2025-01-31,2025-01-31,icosari,1,FALSE,Prospective
KIT-TSMixer,2025-01-30,sari,2025-01-30-icosari-sari-KIT-TSMixer.csv,2025-01-31,2025-01-31,icosari,1,FALSE,Prospective
KIT-hhh4,2025-01-30,sari,2025-01-30-icosari-sari-KIT-hhh4.csv,2025-01-31,2025-01-31,icosari,1,FALSE,Prospective
KIT-simple_nowcast,2025-01-30,sari,2025-01-30-icosari-sari-KIT-simple_nowcast.csv,2025-01-31,2025-01-31,icosari,1,FALSE,Prospective
MPIDS-PS_embedding,2025-01-30,sari,2025-01-30-icosari-sari-MPIDS-PS_embedding.csv,2025-01-30,2025-01-30,icosari,0,FALSE,Prospective
KIT-epinowcast,2025-01-30,sari,2025-01-30-icosari-sari-KIT-epinowcast.csv,2025-01-31,2025-01-31,icosari,1,FALSE,Prospective
RIVM-GAM,2025-01-30,sari,2025-01-30-icosari-sari-RIVM-GAM.csv,2025-01-31,2025-01-31,icosari,1,FALSE,Prospective
RKI-Pilot_01,2025-01-30,sari,2025-01-30-icosari-sari-RKI-Pilot_01.csv,2025-06-04,2025-06-04,icosari,125,TRUE,Retrospective
KIT-LightGBM,2025-02-06,sari,2025-02-06-icosari-sari-KIT-LightGBM.csv,2025-02-07,2025-02-07,icosari,1,FALSE,Prospective
KIT-TSMixer,2025-02-06,sari,2025-02-06-icosari-sari-KIT-TSMixer.csv,2025-02-07,2025-02-07,icosari,1,FALSE,Prospective
KIT-hhh4,2025-02-06,sari,2025-02-06-icosari-sari-KIT-hhh4.csv,2025-02-07,2025-02-07,icosari,1,FALSE,Prospective
KIT-simple_nowcast,2025-02-06,sari,2025-02-06-icosari-sari-KIT-simple_nowcast.csv,2025-02-07,2025-02-07,icosari,1,FALSE,Prospective
MPIDS-PS_embedding,2025-02-06,sari,2025-02-06-icosari-sari-MPIDS-PS_embedding.csv,2025-02-06,2025-02-06,icosari,0,FALSE,Prospective
KIT-epinowcast,2025-02-06,sari,2025-02-06-icosari-sari-KIT-epinowcast.csv,2025-02-07,2025-02-07,icosari,1,FALSE,Prospective
RIVM-GAM,2025-02-06,sari,2025-02-06-icosari-sari-RIVM-GAM.csv,2025-02-07,2025-02-07,icosari,1,FALSE,Prospective
RKI-Pilot_01,2025-02-06,sari,2025-02-06-icosari-sari-RKI-Pilot_01.csv,2025-06-04,2025-06-04,icosari,118,TRUE,Retrospective
KIT-LightGBM,2025-02-13,sari,2025-02-13-icosari-sari-KIT-LightGBM.csv,2025-02-14,2025-02-14,icosari,1,FALSE,Prospective
KIT-TSMixer,2025-02-13,sari,2025-02-13-icosari-sari-KIT-TSMixer.csv,2025-02-14,2025-02-14,icosari,1,FALSE,Prospective
KIT-hhh4,2025-02-13,sari,2025-02-13-icosari-sari-KIT-hhh4.csv,2025-02-14,2025-02-14,icosari,1,FALSE,Prospective
KIT-simple_nowcast,2025-02-13,sari,2025-02-13-icosari-sari-KIT-simple_nowcast.csv,2025-02-14,2025-02-14,icosari,1,FALSE,Prospective
MPIDS-PS_embedding,2025-02-13,sari,2025-02-13-icosari-sari-MPIDS-PS_embedding.csv,2025-02-18,2025-02-18,icosari,5,FALSE,Prospective
KIT-epinowcast,2025-02-13,sari,2025-02-13-icosari-sari-KIT-epinowcast.csv,2025-02-14,2025-02-14,icosari,1,FALSE,Prospective
RIVM-GAM,2025-02-13,sari,2025-02-13-icosari-sari-RIVM-GAM.csv,2025-02-14,2025-02-14,icosari,1,FALSE,Prospective
RKI-Pilot_01,2025-02-13,sari,2025-02-13-icosari-sari-RKI-Pilot_01.csv,2025-06-04,2025-06-04,icosari,111,TRUE,Retrospective
KIT-LightGBM,2025-02-20,sari,2025-02-20-icosari-sari-KIT-LightGBM.csv,2025-02-25,2025-02-25,icosari,5,FALSE,Prospective
KIT-TSMixer,2025-02-20,sari,2025-02-20-icosari-sari-KIT-TSMixer.csv,2025-02-25,2025-02-25,icosari,5,FALSE,Prospective
KIT-hhh4,2025-02-20,sari,2025-02-20-icosari-sari-KIT-hhh4.csv,2025-02-21,2025-02-21,icosari,1,FALSE,Prospective
KIT-simple_nowcast,2025-02-20,sari,2025-02-20-icosari-sari-KIT-simple_nowcast.csv,2025-02-21,2025-02-21,icosari,1,FALSE,Prospective
MPIDS-PS_embedding,2025-02-20,sari,2025-02-20-icosari-sari-MPIDS-PS_embedding.csv,2025-02-20,2025-02-20,icosari,0,FALSE,Prospective
KIT-epinowcast,2025-02-20,sari,2025-02-20-icosari-sari-KIT-epinowcast.csv,2025-02-21,2025-02-21,icosari,1,FALSE,Prospective
RIVM-GAM,2025-02-20,sari,2025-02-20-icosari-sari-RIVM-GAM.csv,2025-02-21,2025-02-21,icosari,1,FALSE,Prospective
RKI-Pilot_01,2025-02-20,sari,2025-02-20-icosari-sari-RKI-Pilot_01.csv,2025-06-04,2025-06-04,icosari,104,TRUE,Retrospective
KIT-LightGBM,2025-02-27,sari,2025-02-27-icosari-sari-KIT-LightGBM.csv,2025-03-04,2025-03-04,icosari,5,FALSE,Prospective
KIT-TSMixer,2025-02-27,sari,2025-02-27-icosari-sari-KIT-TSMixer.csv,2025-03-04,2025-03-04,icosari,5,FALSE,Prospective
KIT-hhh4,2025-02-27,sari,2025-02-27-icosari-sari-KIT-hhh4.csv,2025-02-28,2025-02-28,icosari,1,FALSE,Prospective
KIT-simple_nowcast,2025-02-27,sari,2025-02-27-icosari-sari-KIT-simple_nowcast.csv,2025-02-28,2025-02-28,icosari,1,FALSE,Prospective
MPIDS-PS_embedding,2025-02-27,sari,2025-02-27-icosari-sari-MPIDS-PS_embedding.csv,2025-02-27,2025-02-27,icosari,0,FALSE,Prospective
KIT-epinowcast,2025-02-27,sari,2025-02-27-icosari-sari-KIT-epinowcast.csv,2025-02-28,2025-02-28,icosari,1,FALSE,Prospective
RIVM-GAM,2025-02-27,sari,2025-02-27-icosari-sari-RIVM-GAM.csv,2025-02-28,2025-02-28,icosari,1,FALSE,Prospective
RKI-Pilot_01,2025-02-27,sari,2025-02-27-icosari-sari-RKI-Pilot_01.csv,2025-06-04,2025-06-04,icosari,97,TRUE,Retrospective
KIT-LightGBM,2025-03-06,sari,2025-03-06-icosari-sari-KIT-LightGBM.csv,2025-03-07,2025-03-07,icosari,1,FALSE,Prospective
KIT-TSMixer,2025-03-06,sari,2025-03-06-icosari-sari-KIT-TSMixer.csv,2025-03-07,2025-03-07,icosari,1,FALSE,Prospective
KIT-hhh4,2025-03-06,sari,2025-03-06-icosari-sari-KIT-hhh4.csv,2025-03-06,2025-05-07,icosari,62,TRUE,Retrospective
KIT-simple_nowcast,2025-03-06,sari,2025-03-06-icosari-sari-KIT-simple_nowcast.csv,2025-03-06,2025-03-06,icosari,0,FALSE,Prospective
MPIDS-PS_embedding,2025-03-06,sari,2025-03-06-icosari-sari-MPIDS-PS_embedding.csv,2025-03-06,2025-03-06,icosari,0,FALSE,Prospective
KIT-epinowcast,2025-03-06,sari,2025-03-06-icosari-sari-KIT-epinowcast.csv,2025-03-06,2025-03-06,icosari,0,FALSE,Prospective
RIVM-GAM,2025-03-06,sari,2025-03-06-icosari-sari-RIVM-GAM.csv,2025-03-07,2025-03-07,icosari,1,FALSE,Prospective
RKI-Pilot_01,2025-03-06,sari,2025-03-06-icosari-sari-RKI-Pilot_01.csv,2025-06-04,2025-06-04,icosari,90,TRUE,Retrospective
KIT-LightGBM,2025-03-13,sari,2025-03-13-icosari-sari-KIT-LightGBM.csv,2025-04-30,2025-04-30,icosari,48,TRUE,Retrospective
KIT-TSMixer,2025-03-13,sari,2025-03-13-icosari-sari-KIT-TSMixer.csv,2025-04-30,2025-04-30,icosari,48,TRUE,Retrospective
KIT-hhh4,2025-03-13,sari,2025-03-13-icosari-sari-KIT-hhh4.csv,2025-03-14,2025-03-14,icosari,1,FALSE,Prospective
KIT-simple_nowcast,2025-03-13,sari,2025-03-13-icosari-sari-KIT-simple_nowcast.csv,2025-03-14,2025-03-14,icosari,1,FALSE,Prospective
MPIDS-PS_embedding,2025-03-13,sari,2025-03-13-icosari-sari-MPIDS-PS_embedding.csv,2025-03-22,2025-03-22,icosari,9,TRUE,Retrospective
KIT-epinowcast,2025-03-13,sari,2025-03-13-icosari-sari-KIT-epinowcast.csv,2025-03-14,2025-03-14,icosari,1,FALSE,Prospective
RIVM-GAM,2025-03-13,sari,2025-03-13-icosari-sari-RIVM-GAM.csv,2025-03-14,2025-03-14,icosari,1,FALSE,Prospective
RKI-Pilot_01,2025-03-13,sari,2025-03-13-icosari-sari-RKI-Pilot_01.csv,2025-06-04,2025-06-04,icosari,83,TRUE,Retrospective
KIT-LightGBM,2025-03-20,sari,2025-03-20-icosari-sari-KIT-LightGBM.csv,2025-03-27,2025-03-27,icosari,7,FALSE,Prospective
KIT-TSMixer,2025-03-20,sari,2025-03-20-icosari-sari-KIT-TSMixer.csv,2025-03-27,2025-03-27,icosari,7,FALSE,Prospective
KIT-hhh4,2025-03-20,sari,2025-03-20-icosari-sari-KIT-hhh4.csv,2025-03-20,2025-03-20,icosari,0,FALSE,Prospective
KIT-simple_nowcast,2025-03-20,sari,2025-03-20-icosari-sari-KIT-simple_nowcast.csv,2025-03-20,2025-03-20,icosari,0,FALSE,Prospective
MPIDS-PS_embedding,2025-03-20,sari,2025-03-20-icosari-sari-MPIDS-PS_embedding.csv,2025-03-20,2025-03-20,icosari,0,FALSE,Prospective
KIT-epinowcast,2025-03-20,sari,2025-03-20-icosari-sari-KIT-epinowcast.csv,2025-03-20,2025-03-20,icosari,0,FALSE,Prospective
RIVM-GAM,2025-03-20,sari,2025-03-20-icosari-sari-RIVM-GAM.csv,2025-03-21,2025-03-21,icosari,1,FALSE,Prospective
RKI-Pilot_01,2025-03-20,sari,2025-03-20-icosari-sari-RKI-Pilot_01.csv,2025-06-04,2025-06-04,icosari,76,TRUE,Retrospective
KIT-LightGBM,2025-03-27,sari,2025-03-27-icosari-sari-KIT-LightGBM.csv,2025-04-22,2025-04-22,icosari,26,TRUE,Retrospective
KIT-TSMixer,2025-03-27,sari,2025-03-27-icosari-sari-KIT-TSMixer.csv,2025-04-22,2025-04-22,icosari,26,TRUE,Retrospective
KIT-hhh4,2025-03-27,sari,2025-03-27-icosari-sari-KIT-hhh4.csv,2025-03-28,2025-03-28,icosari,1,FALSE,Prospective
KIT-simple_nowcast,2025-03-27,sari,2025-03-27-icosari-sari-KIT-simple_nowcast.csv,2025-03-28,2025-03-28,icosari,1,FALSE,Prospective
MPIDS-PS_embedding,2025-03-27,sari,2025-03-27-icosari-sari-MPIDS-PS_embedding.csv,2025-03-27,2025-03-27,icosari,0,FALSE,Prospective
KIT-epinowcast,2025-03-27,sari,2025-03-27-icosari-sari-KIT-epinowcast.csv,2025-03-28,2025-03-28,icosari,1,FALSE,Prospective
RIVM-GAM,2025-03-27,sari,2025-03-27-icosari-sari-RIVM-GAM.csv,2025-03-28,2025-03-28,icosari,1,FALSE,Prospective
RKI-Pilot_01,2025-03-27,sari,2025-03-27-icosari-sari-RKI-Pilot_01.csv,2025-06-04,2025-06-04,icosari,69,TRUE,Retrospective
KIT-simple_nowcast,2024-10-17,influenza,2024-10-17-survstat-influenza-KIT-simple_nowcast.csv,2024-10-18,2024-10-18,survstat,1,FALSE,Prospective
KIT-epinowcast,2024-10-17,influenza,2024-10-17-survstat-influenza-KIT-epinowcast.csv,2024-10-18,2024-10-18,survstat,1,FALSE,Prospective
RIVM-GAM,2024-10-17,influenza,2024-10-17-survstat-influenza-RIVM-GAM.csv,2024-10-18,2024-10-18,survstat,1,FALSE,Prospective
HZI-ODEmodel,2024-10-17,influenza,2024-10-17-survstat-influenza-HZI-ODEmodel.csv,2024-10-29,2024-10-29,survstat,12,TRUE,Retrospective
KIT-simple_nowcast,2024-10-24,influenza,2024-10-24-survstat-influenza-KIT-simple_nowcast.csv,2024-10-25,2024-10-25,survstat,1,FALSE,Prospective
KIT-epinowcast,2024-10-24,influenza,2024-10-24-survstat-influenza-KIT-epinowcast.csv,2024-10-25,2024-10-25,survstat,1,FALSE,Prospective
RIVM-GAM,2024-10-24,influenza,2024-10-24-survstat-influenza-RIVM-GAM.csv,2024-10-25,2024-10-25,survstat,1,FALSE,Prospective
HZI-ODEmodel,2024-10-24,influenza,2024-10-24-survstat-influenza-HZI-ODEmodel.csv,2024-10-29,2024-10-29,survstat,5,FALSE,Prospective
KIT-simple_nowcast,2024-10-31,influenza,2024-10-31-survstat-influenza-KIT-simple_nowcast.csv,2024-11-01,2024-11-01,survstat,1,FALSE,Prospective
KIT-epinowcast,2024-10-31,influenza,2024-10-31-survstat-influenza-KIT-epinowcast.csv,2024-11-01,2024-11-01,survstat,1,FALSE,Prospective
RIVM-GAM,2024-10-31,influenza,2024-10-31-survstat-influenza-RIVM-GAM.csv,2024-11-01,2024-11-01,survstat,1,FALSE,Prospective
HZI-ODEmodel,2024-10-31,influenza,2024-10-31-survstat-influenza-HZI-ODEmodel.csv,2024-11-01,2024-11-01,survstat,1,FALSE,Prospective
KIT-simple_nowcast,2024-11-07,influenza,2024-11-07-survstat-influenza-KIT-simple_nowcast.csv,2024-11-08,2024-11-08,survstat,1,FALSE,Prospective
KIT-epinowcast,2024-11-07,influenza,2024-11-07-survstat-influenza-KIT-epinowcast.csv,2024-11-08,2024-11-08,survstat,1,FALSE,Prospective
RIVM-GAM,2024-11-07,influenza,2024-11-07-survstat-influenza-RIVM-GAM.csv,2024-11-08,2024-11-08,survstat,1,FALSE,Prospective
HZI-ODEmodel,2024-11-07,influenza,2024-11-07-survstat-influenza-HZI-ODEmodel.csv,2024-11-15,2024-11-15,survstat,8,TRUE,Retrospective
KIT-simple_nowcast,2024-11-14,influenza,2024-11-14-survstat-influenza-KIT-simple_nowcast.csv,2024-11-15,2024-11-15,survstat,1,FALSE,Prospective
KIT-epinowcast,2024-11-14,influenza,2024-11-14-survstat-influenza-KIT-epinowcast.csv,2024-11-22,2024-11-22,survstat,8,TRUE,Retrospective
RIVM-GAM,2024-11-14,influenza,2024-11-14-survstat-influenza-RIVM-GAM.csv,2024-11-15,2024-11-15,survstat,1,FALSE,Prospective
HZI-ODEmodel,2024-11-14,influenza,2024-11-14-survstat-influenza-HZI-ODEmodel.csv,2024-11-15,2024-11-15,survstat,1,FALSE,Prospective
KIT-simple_nowcast,2024-11-21,influenza,2024-11-21-survstat-influenza-KIT-simple_nowcast.csv,2024-11-22,2024-11-22,survstat,1,FALSE,Prospective
KIT-epinowcast,2024-11-21,influenza,NA,NA,NA,NA,NA,NA,Data unavailable
RIVM-GAM,2024-11-21,influenza,NA,NA,NA,NA,NA,NA,Data unavailable
HZI-ODEmodel,2024-11-21,influenza,2024-11-21-survstat-influenza-HZI-ODEmodel.csv,2024-11-23,2024-11-23,survstat,2,FALSE,Prospective
KIT-simple_nowcast,2024-11-28,influenza,2024-11-28-survstat-influenza-KIT-simple_nowcast.csv,2024-11-29,2024-11-29,survstat,1,FALSE,Prospective
KIT-epinowcast,2024-11-28,influenza,2024-11-28-survstat-influenza-KIT-epinowcast.csv,2024-11-29,2024-11-29,survstat,1,FALSE,Prospective
RIVM-GAM,2024-11-28,influenza,2024-11-28-survstat-influenza-RIVM-GAM.csv,2024-11-29,2024-11-29,survstat,1,FALSE,Prospective
HZI-ODEmodel,2024-11-28,influenza,2024-11-28-survstat-influenza-HZI-ODEmodel.csv,2024-12-02,2024-12-02,survstat,4,FALSE,Prospective
KIT-simple_nowcast,2024-12-05,influenza,2024-12-05-survstat-influenza-KIT-simple_nowcast.csv,2024-12-11,2024-12-11,survstat,6,FALSE,Prospective
KIT-epinowcast,2024-12-05,influenza,2024-12-05-survstat-influenza-KIT-epinowcast.csv,2024-12-11,2024-12-11,survstat,6,FALSE,Prospective
RIVM-GAM,2024-12-05,influenza,2024-12-05-survstat-influenza-RIVM-GAM.csv,2024-12-06,2024-12-06,survstat,1,FALSE,Prospective
HZI-ODEmodel,2024-12-05,influenza,2024-12-05-survstat-influenza-HZI-ODEmodel.csv,2025-01-10,2025-01-10,survstat,36,TRUE,Retrospective
KIT-simple_nowcast,2024-12-12,influenza,2024-12-12-survstat-influenza-KIT-simple_nowcast.csv,2024-12-13,2024-12-13,survstat,1,FALSE,Prospective
KIT-epinowcast,2024-12-12,influenza,2024-12-12-survstat-influenza-KIT-epinowcast.csv,2024-12-13,2024-12-13,survstat,1,FALSE,Prospective
RIVM-GAM,2024-12-12,influenza,2024-12-12-survstat-influenza-RIVM-GAM.csv,2024-12-13,2024-12-13,survstat,1,FALSE,Prospective
HZI-ODEmodel,2024-12-12,influenza,2024-12-12-survstat-influenza-HZI-ODEmodel.csv,2025-01-10,2025-01-10,survstat,29,TRUE,Retrospective
KIT-simple_nowcast,2024-12-19,influenza,2024-12-19-survstat-influenza-KIT-simple_nowcast.csv,2024-12-20,2024-12-20,survstat,1,FALSE,Prospective
KIT-epinowcast,2024-12-19,influenza,2024-12-19-survstat-influenza-KIT-epinowcast.csv,2024-12-20,2024-12-20,survstat,1,FALSE,Prospective
RIVM-GAM,2024-12-19,influenza,2024-12-19-survstat-influenza-RIVM-GAM.csv,2024-12-20,2024-12-20,survstat,1,FALSE,Prospective
HZI-ODEmodel,2024-12-19,influenza,2024-12-19-survstat-influenza-HZI-ODEmodel.csv,2025-01-10,2025-01-10,survstat,22,TRUE,Retrospective
KIT-simple_nowcast,2025-01-09,influenza,2025-01-09-survstat-influenza-KIT-simple_nowcast.csv,2025-01-11,2025-01-11,survstat,2,FALSE,Prospective
KIT-epinowcast,2025-01-09,influenza,2025-01-09-survstat-influenza-KIT-epinowcast.csv,2025-01-11,2025-01-11,survstat,2,FALSE,Prospective
RIVM-GAM,2025-01-09,influenza,2025-01-09-survstat-influenza-RIVM-GAM.csv,2025-01-10,2025-01-10,survstat,1,FALSE,Prospective
HZI-ODEmodel,2025-01-09,influenza,2025-01-09-survstat-influenza-HZI-ODEmodel.csv,2025-01-10,2025-01-10,survstat,1,FALSE,Prospective
KIT-simple_nowcast,2025-01-16,influenza,2025-01-16-survstat-influenza-KIT-simple_nowcast.csv,2025-01-17,2025-01-17,survstat,1,FALSE,Prospective
KIT-epinowcast,2025-01-16,influenza,2025-01-16-survstat-influenza-KIT-epinowcast.csv,2025-01-17,2025-01-17,survstat,1,FALSE,Prospective
RIVM-GAM,2025-01-16,influenza,2025-01-16-survstat-influenza-RIVM-GAM.csv,2025-01-17,2025-01-17,survstat,1,FALSE,Prospective
HZI-ODEmodel,2025-01-16,influenza,2025-01-16-survstat-influenza-HZI-ODEmodel.csv,2025-01-17,2025-01-17,survstat,1,FALSE,Prospective
KIT-simple_nowcast,2025-01-23,influenza,2025-01-23-survstat-influenza-KIT-simple_nowcast.csv,2025-01-24,2025-01-24,survstat,1,FALSE,Prospective
KIT-epinowcast,2025-01-23,influenza,2025-01-23-survstat-influenza-KIT-epinowcast.csv,2025-01-24,2025-01-24,survstat,1,FALSE,Prospective
RIVM-GAM,2025-01-23,influenza,2025-01-23-survstat-influenza-RIVM-GAM.csv,2025-01-24,2025-01-24,survstat,1,FALSE,Prospective
HZI-ODEmodel,2025-01-23,influenza,2025-01-23-survstat-influenza-HZI-ODEmodel.csv,2025-01-24,2025-01-24,survstat,1,FALSE,Prospective
KIT-simple_nowcast,2025-01-30,influenza,2025-01-30-survstat-influenza-KIT-simple_nowcast.csv,2025-01-31,2025-01-31,survstat,1,FALSE,Prospective
KIT-epinowcast,2025-01-30,influenza,2025-01-30-survstat-influenza-KIT-epinowcast.csv,2025-01-31,2025-01-31,survstat,1,FALSE,Prospective
RIVM-GAM,2025-01-30,influenza,2025-01-30-survstat-influenza-RIVM-GAM.csv,2025-01-31,2025-01-31,survstat,1,FALSE,Prospective
HZI-ODEmodel,2025-01-30,influenza,2025-01-30-survstat-influenza-HZI-ODEmodel.csv,2025-01-31,2025-01-31,survstat,1,FALSE,Prospective
KIT-simple_nowcast,2025-02-06,influenza,2025-02-06-survstat-influenza-KIT-simple_nowcast.csv,2025-02-07,2025-02-07,survstat,1,FALSE,Prospective
KIT-epinowcast,2025-02-06,influenza,2025-02-06-survstat-influenza-KIT-epinowcast.csv,2025-02-07,2025-02-07,survstat,1,FALSE,Prospective
RIVM-GAM,2025-02-06,influenza,2025-02-06-survstat-influenza-RIVM-GAM.csv,2025-02-07,2025-02-07,survstat,1,FALSE,Prospective
HZI-ODEmodel,2025-02-06,influenza,2025-02-06-survstat-influenza-HZI-ODEmodel.csv,2025-03-28,2025-03-28,survstat,50,TRUE,Retrospective
KIT-simple_nowcast,2025-02-13,influenza,2025-02-13-survstat-influenza-KIT-simple_nowcast.csv,2025-02-14,2025-02-14,survstat,1,FALSE,Prospective
KIT-epinowcast,2025-02-13,influenza,2025-02-13-survstat-influenza-KIT-epinowcast.csv,2025-02-14,2025-02-14,survstat,1,FALSE,Prospective
RIVM-GAM,2025-02-13,influenza,2025-02-13-survstat-influenza-RIVM-GAM.csv,2025-02-14,2025-02-14,survstat,1,FALSE,Prospective
HZI-ODEmodel,2025-02-13,influenza,2025-02-13-survstat-influenza-HZI-ODEmodel.csv,2025-03-28,2025-03-28,survstat,43,TRUE,Retrospective
KIT-simple_nowcast,2025-02-20,influenza,2025-02-20-survstat-influenza-KIT-simple_nowcast.csv,2025-02-21,2025-02-21,survstat,1,FALSE,Prospective
KIT-epinowcast,2025-02-20,influenza,2025-02-20-survstat-influenza-KIT-epinowcast.csv,2025-02-21,2025-02-21,survstat,1,FALSE,Prospective
RIVM-GAM,2025-02-20,influenza,2025-02-20-survstat-influenza-RIVM-GAM.csv,2025-02-21,2025-02-21,survstat,1,FALSE,Prospective
HZI-ODEmodel,2025-02-20,influenza,2025-02-20-survstat-influenza-HZI-ODEmodel.csv,2025-03-28,2025-03-28,survstat,36,TRUE,Retrospective
KIT-simple_nowcast,2025-02-27,influenza,2025-02-27-survstat-influenza-KIT-simple_nowcast.csv,2025-02-28,2025-02-28,survstat,1,FALSE,Prospective
KIT-epinowcast,2025-02-27,influenza,2025-02-27-survstat-influenza-KIT-epinowcast.csv,2025-02-28,2025-02-28,survstat,1,FALSE,Prospective
RIVM-GAM,2025-02-27,influenza,2025-02-27-survstat-influenza-RIVM-GAM.csv,2025-02-28,2025-02-28,survstat,1,FALSE,Prospective
HZI-ODEmodel,2025-02-27,influenza,2025-02-27-survstat-influenza-HZI-ODEmodel.csv,2025-03-28,2025-03-28,survstat,29,TRUE,Retrospective
KIT-simple_nowcast,2025-03-06,influenza,2025-03-06-survstat-influenza-KIT-simple_nowcast.csv,2025-03-07,2025-03-07,survstat,1,FALSE,Prospective
KIT-epinowcast,2025-03-06,influenza,2025-03-06-survstat-influenza-KIT-epinowcast.csv,2025-03-12,2025-03-12,survstat,6,FALSE,Prospective
RIVM-GAM,2025-03-06,influenza,2025-03-06-survstat-influenza-RIVM-GAM.csv,2025-03-07,2025-03-07,survstat,1,FALSE,Prospective
HZI-ODEmodel,2025-03-06,influenza,2025-03-06-survstat-influenza-HZI-ODEmodel.csv,2025-03-28,2025-03-28,survstat,22,TRUE,Retrospective
KIT-simple_nowcast,2025-03-13,influenza,2025-03-13-survstat-influenza-KIT-simple_nowcast.csv,2025-03-14,2025-03-14,survstat,1,FALSE,Prospective
KIT-epinowcast,2025-03-13,influenza,2025-03-13-survstat-influenza-KIT-epinowcast.csv,2025-03-14,2025-03-14,survstat,1,FALSE,Prospective
RIVM-GAM,2025-03-13,influenza,2025-03-13-survstat-influenza-RIVM-GAM.csv,2025-03-14,2025-03-14,survstat,1,FALSE,Prospective
HZI-ODEmodel,2025-03-13,influenza,2025-03-13-survstat-influenza-HZI-ODEmodel.csv,2025-03-28,2025-03-28,survstat,15,TRUE,Retrospective
KIT-simple_nowcast,2025-03-20,influenza,2025-03-20-survstat-influenza-KIT-simple_nowcast.csv,2025-03-26,2025-03-26,survstat,6,FALSE,Prospective
KIT-epinowcast,2025-03-20,influenza,2025-03-20-survstat-influenza-KIT-epinowcast.csv,2025-03-26,2025-03-26,survstat,6,FALSE,Prospective
RIVM-GAM,2025-03-20,influenza,2025-03-20-survstat-influenza-RIVM-GAM.csv,2025-03-21,2025-03-21,survstat,1,FALSE,Prospective
HZI-ODEmodel,2025-03-20,influenza,2025-03-20-survstat-influenza-HZI-ODEmodel.csv,2025-03-28,2025-03-28,survstat,8,TRUE,Retrospective
KIT-simple_nowcast,2025-03-27,influenza,2025-03-27-survstat-influenza-KIT-simple_nowcast.csv,2025-03-28,2025-03-28,survstat,1,FALSE,Prospective
KIT-epinowcast,2025-03-27,influenza,2025-03-27-survstat-influenza-KIT-epinowcast.csv,2025-03-29,2025-03-29,survstat,2,FALSE,Prospective
RIVM-GAM,2025-03-27,influenza,2025-03-27-survstat-influenza-RIVM-GAM.csv,2025-03-28,2025-03-28,survstat,1,FALSE,Prospective
HZI-ODEmodel,2025-03-27,influenza,2025-03-27-survstat-influenza-HZI-ODEmodel.csv,2025-03-28,2025-03-28,survstat,1,FALSE,Prospective
KIT-simple_nowcast,2024-10-17,rsv,2024-10-17-survstat-rsv-KIT-simple_nowcast.csv,2024-10-18,2024-10-18,survstat,1,FALSE,Prospective
HZI-ODEmodel,2024-10-17,rsv,2024-10-17-survstat-rsv-HZI-ODEmodel.csv,2024-10-29,2024-10-29,survstat,12,TRUE,Retrospective
KIT-simple_nowcast,2024-10-24,rsv,2024-10-24-survstat-rsv-KIT-simple_nowcast.csv,2024-10-25,2024-10-25,survstat,1,FALSE,Prospective
HZI-ODEmodel,2024-10-24,rsv,2024-10-24-survstat-rsv-HZI-ODEmodel.csv,2024-10-29,2024-10-29,survstat,5,FALSE,Prospective
KIT-simple_nowcast,2024-10-31,rsv,2024-10-31-survstat-rsv-KIT-simple_nowcast.csv,2024-11-01,2024-11-01,survstat,1,FALSE,Prospective
HZI-ODEmodel,2024-10-31,rsv,2024-10-31-survstat-rsv-HZI-ODEmodel.csv,2024-11-01,2024-11-01,survstat,1,FALSE,Prospective
KIT-simple_nowcast,2024-11-07,rsv,2024-11-07-survstat-rsv-KIT-simple_nowcast.csv,2024-11-08,2024-11-08,survstat,1,FALSE,Prospective
HZI-ODEmodel,2024-11-07,rsv,2024-11-07-survstat-rsv-HZI-ODEmodel.csv,2024-11-15,2024-11-15,survstat,8,TRUE,Retrospective
KIT-simple_nowcast,2024-11-14,rsv,2024-11-14-survstat-rsv-KIT-simple_nowcast.csv,2024-11-15,2024-11-15,survstat,1,FALSE,Prospective
HZI-ODEmodel,2024-11-14,rsv,2024-11-14-survstat-rsv-HZI-ODEmodel.csv,2024-11-15,2024-11-15,survstat,1,FALSE,Prospective
KIT-simple_nowcast,2024-11-21,rsv,2024-11-21-survstat-rsv-KIT-simple_nowcast.csv,2024-11-22,2024-11-22,survstat,1,FALSE,Prospective
HZI-ODEmodel,2024-11-21,rsv,2024-11-21-survstat-rsv-HZI-ODEmodel.csv,2024-11-23,2024-11-23,survstat,2,FALSE,Prospective
KIT-simple_nowcast,2024-11-28,rsv,2024-11-28-survstat-rsv-KIT-simple_nowcast.csv,2024-11-29,2024-11-29,survstat,1,FALSE,Prospective
HZI-ODEmodel,2024-11-28,rsv,2024-11-28-survstat-rsv-HZI-ODEmodel.csv,2024-12-02,2024-12-02,survstat,4,FALSE,Prospective
KIT-simple_nowcast,2024-12-05,rsv,2024-12-05-survstat-rsv-KIT-simple_nowcast.csv,2024-12-11,2024-12-11,survstat,6,FALSE,Prospective
HZI-ODEmodel,2024-12-05,rsv,2024-12-05-survstat-rsv-HZI-ODEmodel.csv,2025-01-10,2025-01-10,survstat,36,TRUE,Retrospective
KIT-simple_nowcast,2024-12-12,rsv,2024-12-12-survstat-rsv-KIT-simple_nowcast.csv,2024-12-13,2024-12-13,survstat,1,FALSE,Prospective
HZI-ODEmodel,2024-12-12,rsv,2024-12-12-survstat-rsv-HZI-ODEmodel.csv,2025-01-10,2025-01-10,survstat,29,TRUE,Retrospective
KIT-simple_nowcast,2024-12-19,rsv,2024-12-19-survstat-rsv-KIT-simple_nowcast.csv,2024-12-20,2024-12-20,survstat,1,FALSE,Prospective
HZI-ODEmodel,2024-12-19,rsv,2024-12-19-survstat-rsv-HZI-ODEmodel.csv,2025-01-10,2025-01-10,survstat,22,TRUE,Retrospective
KIT-simple_nowcast,2025-01-09,rsv,2025-01-09-survstat-rsv-KIT-simple_nowcast.csv,2025-01-11,2025-01-11,survstat,2,FALSE,Prospective
HZI-ODEmodel,2025-01-09,rsv,2025-01-09-survstat-rsv-HZI-ODEmodel.csv,2025-01-10,2025-01-10,survstat,1,FALSE,Prospective
KIT-simple_nowcast,2025-01-16,rsv,2025-01-16-survstat-rsv-KIT-simple_nowcast.csv,2025-01-17,2025-01-17,survstat,1,FALSE,Prospective
HZI-ODEmodel,2025-01-16,rsv,2025-01-16-survstat-rsv-HZI-ODEmodel.csv,2025-01-17,2025-01-17,survstat,1,FALSE,Prospective
KIT-simple_nowcast,2025-01-23,rsv,2025-01-23-survstat-rsv-KIT-simple_nowcast.csv,2025-01-24,2025-01-24,survstat,1,FALSE,Prospective
HZI-ODEmodel,2025-01-23,rsv,2025-01-23-survstat-rsv-HZI-ODEmodel.csv,2025-01-24,2025-01-24,survstat,1,FALSE,Prospective
KIT-simple_nowcast,2025-01-30,rsv,NA,NA,NA,NA,NA,NA,Prospective
HZI-ODEmodel,2025-01-30,rsv,2025-01-30-survstat-rsv-HZI-ODEmodel.csv,2025-01-31,2025-01-31,survstat,1,FALSE,Prospective
KIT-simple_nowcast,2025-02-06,rsv,2025-02-06-survstat-rsv-KIT-simple_nowcast.csv,2025-02-07,2025-02-07,survstat,1,FALSE,Prospective
HZI-ODEmodel,2025-02-06,rsv,2025-02-06-survstat-rsv-HZI-ODEmodel.csv,2025-03-28,2025-03-28,survstat,50,TRUE,Retrospective
KIT-simple_nowcast,2025-02-13,rsv,2025-02-13-survstat-rsv-KIT-simple_nowcast.csv,2025-02-14,2025-02-14,survstat,1,FALSE,Prospective
HZI-ODEmodel,2025-02-13,rsv,2025-02-13-survstat-rsv-HZI-ODEmodel.csv,2025-03-28,2025-03-28,survstat,43,TRUE,Retrospective
KIT-simple_nowcast,2025-02-20,rsv,2025-02-20-survstat-rsv-KIT-simple_nowcast.csv,2025-02-21,2025-02-21,survstat,1,FALSE,Prospective
HZI-ODEmodel,2025-02-20,rsv,2025-02-20-survstat-rsv-HZI-ODEmodel.csv,2025-03-28,2025-03-28,survstat,36,TRUE,Retrospective
KIT-simple_nowcast,2025-02-27,rsv,2025-02-27-survstat-rsv-KIT-simple_nowcast.csv,2025-02-28,2025-02-28,survstat,1,FALSE,Prospective
HZI-ODEmodel,2025-02-27,rsv,2025-02-27-survstat-rsv-HZI-ODEmodel.csv,2025-03-28,2025-03-28,survstat,29,TRUE,Retrospective
KIT-simple_nowcast,2025-03-06,rsv,2025-03-06-survstat-rsv-KIT-simple_nowcast.csv,2025-03-07,2025-03-07,survstat,1,FALSE,Prospective
HZI-ODEmodel,2025-03-06,rsv,2025-03-06-survstat-rsv-HZI-ODEmodel.csv,2025-03-28,2025-03-28,survstat,22,TRUE,Retrospective
KIT-simple_nowcast,2025-03-13,rsv,2025-03-13-survstat-rsv-KIT-simple_nowcast.csv,2025-03-14,2025-03-14,survstat,1,FALSE,Prospective
HZI-ODEmodel,2025-03-13,rsv,2025-03-13-survstat-rsv-HZI-ODEmodel.csv,2025-03-28,2025-03-28,survstat,15,TRUE,Retrospective
KIT-simple_nowcast,2025-03-20,rsv,2025-03-20-survstat-rsv-KIT-simple_nowcast.csv,2025-03-26,2025-03-26,survstat,6,FALSE,Prospective
HZI-ODEmodel,2025-03-20,rsv,2025-03-20-survstat-rsv-HZI-ODEmodel.csv,2025-03-28,2025-03-28,survstat,8,TRUE,Retrospective
KIT-simple_nowcast,2025-03-27,rsv,2025-03-27-survstat-rsv-KIT-simple_nowcast.csv,2025-03-28,2025-03-28,survstat,1,FALSE,Prospective
HZI-ODEmodel,2025-03-27,rsv,2025-03-27-survstat-rsv-HZI-ODEmodel.csv,2025-03-28,2025-03-28,survstat,1,FALSE,Prospective
